step,smiles,p_decoy,q_value
1,OCC(=O)O,0.26229508196721313,0.3961748633879781
1,OCC(=O)O,0.39617486338797814,0.3961748633879781
2,O=CC(=O)O,0.27459016393442626,0.3961748633879781
2,O=CC(=O)O,0.3797814207650273,0.3961748633879781
4,O=CO,0.34562841530054644,0.3961748633879781
4,O=CO,0.25956284153005466,0.3961748633879781
