step,smiles,adduct,theo_mz
1,OCC(=O)O,[M+H]+,77.02332045481201
1,OCC(=O)O,[M+Na]+,99.005261988
1,OCC(=O)O,[M-H]-,75.008767521188
2,O=CC(=O)O,[M+H]+,75.00767039081201
2,O=CC(=O)O,[M+Na]+,96.989611924
2,O=CC(=O)O,[M-H]-,72.993117457188
3,O=COC(=O)O,[M+H]+,91.002585010812
3,O=COC(=O)O,[M+Na]+,112.984526544
3,O=COC(=O)O,[M-H]-,88.988032077188
4,O=CO,[M+H]+,47.012755770812
4,O=CO,[M+Na]+,68.994697304
4,O=CO,[M-H]-,44.998202837187996
