step,smiles,adduct,theo_mz
1,O=CC(=O)O,[M+H]+,75.00767039081201
1,O=CC(=O)O,[M+Na]+,96.989611924
1,O=CC(=O)O,[M-H]-,72.993117457188
2,OCC(=O)O,[M+H]+,77.02332045481201
2,OCC(=O)O,[M+Na]+,99.005261988
2,OCC(=O)O,[M-H]-,75.008767521188
3,C=O,[M+H]+,31.017841150812
3,C=O,[M+Na]+,52.999782683999996
3,C=O,[M-H]-,29.003288217187997
4,O=CO,[M+H]+,47.012755770812
4,O=CO,[M+Na]+,68.994697304
4,O=CO,[M-H]-,44.998202837187996
